Name,County,Days Attended,Days Away,Daily Allowance,Travel Costs,UK Travel,EU & Devolved Travel,Car,Rail/Ferry/Coach,Air,Motorbike,Bicycle,Taxis/Parking/Tolls,Free Postage Costs,Ministerial and Office Holder Secretarial Expenses,"Spouse, Civil partner and Children's Travel"
Lord Aberdare,,5,0,628,0,0,0,0,0,0,0,0,0,0,0,0
Baroness Adams of Craigielea,Scotland,6,0,"1,565",751,0,0,751,0,0,0,0,0,0,0,0
Lord Addington,Berkshire,8,0,"2,504",380,0,0,49,331,0,0,0,0,0,0,0
Lord Adebowale,,2,0,0,0,0,0,0,0,0,0,0,0,0,0,0
Lord Adonis,London,8,0,"2,504",0,0,0,0,0,0,0,0,0,0,0,0
Baroness Afshar,Yorkshire,2,0,313,0,0,0,0,0,0,0,0,0,0,0,0
Lord Agnew of Oulton,,3,0,0,0,0,0,0,0,0,0,0,0,0,0,0
Lord Ahmad of Wimbledon,,5,0,0,0,0,0,0,0,0,0,0,0,0,700,0
Lord Ahmed,South Yorkshire,0,0,0,0,0,0,0,0,0,0,0,0,0,0,0
Lord Alderdice,Oxfordshire,3,0,939,114,0,0,0,58,0,0,0,56,0,0,0
Lord Allan of Hallam,,3,0,0,0,0,0,0,0,0,0,0,0,0,0,0
Lord Allen of Kensington,,4,0,"1,252",0,0,0,0,0,0,0,0,0,0,0,0
Lord Alli,London,5,0,0,0,0,0,0,0,0,0,0,0,0,0,0
Lord Alliance,,0,0,0,0,0,0,0,0,0,0,0,0,0,0,0
Baroness Altmann,,7,0,"2,191",0,0,0,0,0,0,0,0,0,0,0,0
Lord Alton of Liverpool,Lancashire,6,0,"1,878",674,0,0,32,642,0,0,0,0,0,0,0
Baroness Amos,London,3,0,471,0,0,0,0,0,0,0,0,0,0,0,0
Lord Anderson of Ipswich,,6,0,"1,565",0,0,0,0,0,0,0,0,0,0,0,0
Lord Anderson of Swansea,London,7,2,"2,505",0,0,0,0,0,0,0,0,0,0,0,0
Baroness Andrews,Sussex,6,0,"1,878",140,0,0,0,140,0,0,0,0,0,0,0
Baroness Anelay of St. Johns,Surrey,8,0,"2,504",195,0,0,195,0,0,0,0,0,0,0,0
Lord Arbuthnot of Edrom,Berkshire,8,0,"2,504",173,0,0,0,173,0,0,0,0,0,0,0
Lord Archer of Weston-Super-Mare,,0,0,0,0,0,0,0,0,0,0,0,0,0,0,0
Baroness Armstrong of Hill Top,Durham,7,0,"2,191",53,0,0,0,53,0,0,0,0,0,0,0
Lord Armstrong of Ilminster,Somerset,5,0,"1,565",378,0,0,378,0,0,0,0,0,0,0,0
Earl of Arran,Devon,2,0,313,189,0,0,189,0,0,0,0,0,0,0,0
Lord Ashton of Hyde,Gloucestershire,7,0,0,0,0,0,0,0,0,0,0,0,0,0,0
Baroness Ashton of Upholland,Hertfordshire,6,0,0,0,0,0,0,0,0,0,0,0,0,0,0
Lord Astor of Hever,Kent,7,0,"2,191",85,0,0,85,0,0,0,0,0,0,0,0
Viscount Astor,Oxfordshire,2,0,0,0,0,0,0,0,0,0,0,0,0,0,0
Earl Attlee,Hampshire,5,0,"1,565",278,0,0,36,169,0,0,0,73,0,0,0
Lord Bach,Leicestershire,3,0,939,110,0,0,14,69,0,0,0,27,0,0,0
Lord Baker of Dorking,Sussex,5,0,"1,253",25,0,0,25,0,0,0,0,0,0,0,0
Baroness Bakewell of Hardington Mandeville,Somerset,7,0,"1,878",112,0,0,9,86,0,0,0,17,0,0,0
Baroness Bakewell,,6,0,"1,878",0,0,0,0,0,0,0,0,0,0,0,0
Lord Balfe,Cambridgeshire,7,2,"2,192",202,0,0,0,202,0,0,0,0,0,0,0
Lord Bamford,,0,0,0,0,0,0,0,0,0,0,0,0,0,0,0
Lord Barker of Battle,,0,0,0,0,0,0,0,0,0,0,0,0,0,0,0
Baroness Barker,London,6,2,"2,192",0,0,0,0,0,0,0,0,0,0,0,0
Baroness Barran,,7,0,"2,191",0,0,0,0,0,0,0,0,0,0,0,0
Lord Bassam of Brighton,Brighton,8,0,"2,504",416,0,0,0,285,0,0,0,130,0,0,0
Lord Bates,County Durham,0,0,0,0,0,0,0,0,0,0,0,0,0,0,0
Lord Beecham,,8,0,"2,504",195,0,0,0,187,0,0,0,8,7,0,0
Lord Beith,Northumberland,6,2,"2,192",785,0,0,0,785,0,0,0,0,1,0,0
Baroness Benjamin,,7,0,"2,191",0,0,0,0,0,0,0,0,0,0,0,0
Lord Berkeley of Knighton,,7,0,"2,191",0,0,0,0,0,0,0,0,0,0,0,0
Lord Berkeley,Cornwall,8,0,"2,504",506,0,0,0,405,97,0,5,0,0,0,123
Baroness Berridge,,8,0,0,0,0,0,0,0,0,0,0,0,0,0,0
Baroness Bertin,,3,0,0,0,0,0,0,0,0,0,0,0,0,0,0
Lord Best,Yorkshire,8,0,"2,504",548,0,0,28,432,0,0,0,88,0,0,0
Lord Bethell,,7,0,"2,191",0,0,0,0,0,0,0,0,0,0,0,0
Lord Bew,County Antrim,6,0,"1,722","3,000",0,0,0,111,"2,769",0,0,120,0,0,0
Lord Bhatia,London,7,0,"2,191",0,0,0,0,0,0,0,0,0,0,0,0
Lord Bichard,Gloucestershire,5,0,"1,565",93,0,0,0,93,0,0,0,0,0,0,0
Lord Bilimoria,London,5,0,785,0,0,0,0,0,0,0,0,0,0,0,0
Baroness Billingham,London,4,0,939,0,0,0,0,0,0,0,0,0,0,0,0
Lord Bird,,6,0,"1,878",99,0,0,0,99,0,0,0,0,0,0,0
Bishop of Birmingham,,6,0,"1,252",119,0,0,0,119,0,0,0,0,0,0,0
Lord Birt,,6,0,"1,878",0,0,0,0,0,0,0,0,0,0,0,0
Lord Black of Brentwood,,8,0,"2,192",0,0,0,0,0,0,0,0,0,0,0,0
Lord Black of Crossharbour,,0,0,0,0,0,0,0,0,0,0,0,0,0,0,0
Baroness Blackstone,London,7,0,"2,191",0,0,0,0,0,0,0,0,0,0,0,0
Lord Blackwell,London,0,0,0,0,0,0,0,0,0,0,0,0,0,0,0
Baroness Blackwood of North Oxford,,3,0,0,0,0,0,0,0,0,0,0,0,0,0,0
Lord Blair of Boughton,,0,0,0,0,0,0,0,0,0,0,0,0,0,0,0
Lord Blencathra,Cumbria,6,2,"2,192",177,0,0,0,172,0,0,0,5,0,0,0
Baroness Bloomfield of Hinton Waldrist,,3,0,0,0,0,0,0,0,0,0,0,0,0,0,0
Lord Blunkett,South Yorkshire,6,0,"1,878",108,0,0,0,58,0,0,0,50,44,0,0
Lord Boateng,,2,0,626,0,0,0,0,0,0,0,0,0,0,0,0
Baroness Bonham-Carter of Yarnbury,Wiltshire,7,0,"2,191",56,0,0,0,56,0,0,0,0,0,0,0
Baroness Boothroyd,Cambridgeshire,0,0,0,0,0,0,0,0,0,0,0,0,0,0,0
Lord Borwick,,7,0,"1,565",0,0,0,0,0,0,0,0,0,0,0,0
Lord Boswell of Aynho,Oxfordshire,2,0,0,38,0,0,0,38,0,0,0,0,0,0,0
Baroness Bottomley of Nettlestone,Surrey,5,0,0,0,0,0,0,0,0,0,0,0,0,0,0
Lord Bourne of Aberystwyth,,5,0,"1,565",132,0,0,0,132,0,0,0,0,32,0,0
Baroness Bowles of Berkhamsted,Hertfordshire,6,0,"1,878",157,0,0,25,126,0,0,0,6,0,0,0
Lord Bowness,Surrey,6,0,"1,878",106,0,0,0,78,0,0,0,28,0,0,0
Lord Boyce,,5,0,"1,565",0,0,0,0,0,0,0,0,0,0,0,0
Baroness Boycott,,5,0,"1,565",0,0,0,0,0,0,0,0,0,0,0,0
Lord Brabazon of Tara,,7,0,"2,191",0,0,0,0,0,0,0,0,0,0,0,0
Lord Bradley,Manchester,6,0,"1,878",489,0,0,178,263,0,0,0,48,0,0,0
Lord Bradshaw,Oxfordshire,5,0,"1,565",269,0,0,0,197,0,0,0,72,14,0,0
Baroness Brady,,7,0,0,0,0,0,0,0,0,0,0,0,0,0,0
Lord Bragg,London,7,0,"2,191",0,0,0,0,0,0,0,0,0,0,0,0
Lord Brennan,Gloucestershire,6,0,0,0,0,0,0,0,0,0,0,0,0,0,0
Viscount Bridgeman,Hampshire,5,0,"1,565",158,0,0,158,0,0,0,0,0,0,0,0
Lord Bridges of Headley,,7,0,"1,878",0,0,0,0,0,0,0,0,0,0,0,0
Baroness Brinton,Hertfordshire,8,0,"2,504",98,0,0,0,98,0,0,0,0,0,0,0
Bishop of Bristol,,1,0,313,204,0,0,0,204,0,0,0,0,0,0,0
Lord Broers,Cambridgeshire,0,0,0,0,0,0,0,0,0,0,0,0,0,0,0
Lord Brooke of Alverthorpe,Sussex,8,0,"2,504",0,0,0,0,0,0,0,0,0,28,0,0
Viscount Brookeborough,Ulster,0,0,0,0,0,0,0,0,0,0,0,0,0,0,0
Lord Brookman,,6,0,"1,878",91,0,0,0,91,0,0,0,0,0,0,0
Lord Brougham and Vaux,London,6,0,"1,878",0,0,0,0,0,0,0,0,0,0,0,0
Baroness Brown of Cambridge,Cambridgeshire,6,0,"1,878",170,0,0,170,0,0,0,0,0,0,0,0
Lord Brown of Eaton-under-Heywood,,6,0,"1,878",0,0,0,0,0,0,0,0,0,0,0,0
Lord Browne of Belmont,Belfast,5,0,"1,565",166,0,0,0,0,166,0,0,0,0,0,266
Lord Browne of Ladyton,,7,0,"2,191",249,0,0,0,249,0,0,0,0,0,0,0
Lord Browne of Madingley,London,0,0,0,0,0,0,0,0,0,0,0,0,0,0,0
Baroness Browning,Dorset,8,0,"2,504",178,0,0,0,178,0,0,0,0,0,0,0
Lord Bruce of Bennachie,,7,0,"2,191",450,0,0,79,49,302,0,0,20,0,0,92
Baroness Bryan of Partick,,7,0,"2,191",144,0,0,0,144,0,0,0,0,0,0,0
Baroness Bull,,8,0,"2,348",0,0,0,0,0,0,0,0,0,0,0,0
Lord Burnett,Devon,7,0,"2,191","1,075",0,0,279,733,0,0,0,63,0,0,0
Lord Burns,London,4,0,628,0,0,0,0,0,0,0,0,0,0,0,0
Baroness Burt,West Midlands,3,0,939,118,0,0,0,109,0,0,0,9,0,0,0
Baroness Buscombe,Oxfordshire,2,0,626,57,0,0,0,57,0,0,0,0,0,0,0
Lord Butler of Brockwell,London,6,0,942,0,0,0,0,0,0,0,0,0,0,0,0
Baroness Butler-Sloss,Devon,5,0,"1,565",190,0,0,87,51,0,0,0,51,0,0,0
Baroness Byford,Leicestershire,2,0,626,155,0,0,0,155,0,0,0,0,0,0,0
Lord Caine,,6,0,"1,878",0,0,0,0,0,0,0,0,0,0,0,0
Earl of Caithness,London,7,0,"2,191",0,0,0,0,0,0,0,0,0,0,0,0
Lord Callanan,Tyne & Wear,8,0,0,0,0,0,0,0,0,0,0,0,0,0,0
Lord Cameron of Dillington,Cornwall,2,0,0,0,0,0,0,0,0,0,0,0,0,0,0
Baroness Campbell of Loughborough,,0,0,0,0,0,0,0,0,0,0,0,0,0,0,0
Lord Campbell of Pittenweem,,8,0,"2,504","1,231",0,0,0,242,880,0,0,108,0,0,0
Baroness Campbell of Surbiton,,6,0,"1,878",0,0,0,0,0,0,0,0,0,0,0,0
Lord Campbell-Savours,Berkshire,6,0,"1,878",68,0,0,68,0,0,0,0,0,0,0,0
Archbishop of Canterbury,London,1,0,313,0,0,0,0,0,0,0,0,0,0,0,0
Lord Carey of Clifton,West Berkshire,2,0,313,20,0,0,0,20,0,0,0,0,0,0,0
Lord Carlile of Berriew,London,4,0,"1,252",0,0,0,0,0,0,0,0,0,0,0,0
Bishop of Carlisle,Cumbria,0,0,0,0,0,0,0,0,0,0,0,0,0,0,0
Lord Carrington of Fulham,,5,0,"1,565",0,0,0,0,0,0,0,0,0,0,0,0
Lord Carrington,,5,0,941,104,0,0,0,79,0,0,0,25,0,0,0
Lord Carswell,Northern Ireland,0,0,0,0,0,0,0,0,0,0,0,0,0,0,0
Lord Carter of Barnes,London,0,0,0,0,0,0,0,0,0,0,0,0,0,0,0
Lord Carter of Coles,Hertfordshire,6,0,"1,878",0,0,0,0,0,0,0,0,0,0,0,0
Lord Cashman,London,5,0,"1,565",0,0,0,0,0,0,0,0,0,0,0,0
Earl Cathcart,Norfolk,6,0,"1,878",338,0,0,338,0,0,0,0,0,0,0,0
Lord Cavendish of Furness,Cumbria,3,0,783,622,0,0,70,552,0,0,0,0,0,0,0
Baroness Cavendish of Little Venice,,1,0,0,0,0,0,0,0,0,0,0,0,0,0,0
Lord Chadlington,Oxfordshire,2,0,0,0,0,0,0,0,0,0,0,0,0,0,0
Baroness Chakrabarti,,6,0,"1,565",0,0,0,0,0,0,0,0,0,0,0,0
Baroness Chalker of Wallasey,London,7,0,"2,035",0,0,0,0,0,0,0,0,0,0,0,0
Viscount Chandos,,8,0,"2,504",0,0,0,0,0,0,0,0,0,0,0,0
Lord Chartres,Wiltshire,4,0,"1,252",68,0,0,0,68,0,0,0,0,0,0,0
Bishop of Chelmsford,Essex,4,0,471,55,0,0,0,55,0,0,0,0,0,0,0
Bishop of Chester,Cheshire,2,0,313,192,0,0,1,185,0,0,0,6,0,0,0
Bishop of Chichester,West Sussex,1,0,313,13,0,0,0,13,0,0,0,0,0,0,0
Lord Chidgey,Hampshire,4,0,"1,252",249,0,0,32,218,0,0,0,0,15,0,0
Baroness Chisholm of Owlpen,,6,0,0,0,0,0,0,0,0,0,0,0,0,0,0
Marquess of Cholmondeley,,0,0,0,0,0,0,0,0,0,0,0,0,0,0,0
Lord Christopher,Surrey,6,0,"1,878",110,0,0,16,67,0,0,0,27,0,0,0
Earl of Clancarty,Hampshire,8,0,"2,504",255,0,0,0,255,0,0,0,0,0,0,0
Baroness Clark of Calton,,0,0,0,0,0,0,0,0,0,0,0,0,0,0,0
Lord Clark of Windermere,Cumbria,7,0,"2,191","1,323",0,0,0,"1,323",0,0,0,0,18,0,0
Lord Clarke of Hampstead,Hertfordshire,3,0,939,55,0,0,43,12,0,0,0,0,0,0,0
Lord Clarke of Stone-cum-Ebony,,0,0,0,0,0,0,0,0,0,0,0,0,0,0,0
Lord Clement-Jones,London,7,0,"2,191",0,0,0,0,0,0,0,0,0,0,0,0
Lord Coe,Surrey,1,0,0,0,0,0,0,0,0,0,0,0,0,0,0
Baroness Cohen of Pimlico,Cambridgeshire,4,0,"1,252",112,0,0,0,77,0,0,0,35,0,0,0
Lord Colgrain,,8,0,"2,035",0,0,0,0,0,0,0,0,0,0,0,0
Lord Collins of Highbury,London,3,0,939,0,0,0,0,0,0,0,0,0,0,0,0
Lord Collins of Mapesbury,,0,0,0,0,0,0,0,0,0,0,0,0,0,0,0
Viscount Colville of Culross,London,1,0,313,0,0,0,0,0,0,0,0,0,0,0,0
Lord Colwyn,Oxfordshire,6,0,"1,878",20,0,0,20,0,0,0,0,0,0,0,0
Lord Cooper of Windrush,,1,0,313,0,0,0,0,0,0,0,0,0,0,0,0
Lord Cope of Berkeley,Somerset,7,0,"1,565",236,0,0,0,236,0,0,0,0,0,0,0
Earl of Cork and Orrery,West Sussex,2,0,626,67,0,0,0,47,0,0,0,20,0,0,0
Lord Cormack,,8,0,"2,504",367,0,0,26,341,0,0,0,0,0,0,0
Baroness Corston,Gloucestershire,5,0,"1,565",284,0,0,29,255,0,0,0,0,0,0,0
Lord Cotter,Somerset,8,0,"2,504",447,0,0,447,0,0,0,0,0,0,0,0
Earl of Courtown,Gloucestershire,8,0,0,0,0,0,0,0,0,0,0,0,0,0,0
Baroness Coussins,London,6,0,"1,878",0,0,0,0,0,0,0,0,0,0,0,0
Baroness Couttie,,8,0,"2,191",0,0,0,0,0,0,0,0,0,0,0,0
Bishop of Coventry,West Midlands,3,0,470,110,0,0,0,110,0,0,0,0,0,0,0
Baroness Cox,Oxfordshire,8,0,"2,504",59,0,0,59,0,0,0,0,0,0,0,0
Lord Craig of Radley,Norfolk,7,0,"2,191",259,0,0,63,145,0,0,0,51,0,0,0
Viscount Craigavon,London,8,0,"1,256",0,0,0,0,0,0,0,0,0,0,0,0
Lord Crathorne,North Yorkshire,3,0,0,0,0,0,0,0,0,0,0,0,0,0,0
Earl of Crawford and Balcarres,Fife,0,0,0,0,0,0,0,0,0,0,0,0,0,0,0
Baroness Crawley,Oxfordshire,7,0,"2,191",193,0,0,0,144,0,0,0,49,0,0,0
Lord Crisp,Berkshire,7,0,"2,191",92,0,0,92,0,0,0,0,0,0,0,0
Lord Cromwell,Leicestershire,0,0,0,0,0,0,0,0,0,0,0,0,0,0,0
Baroness Cumberlege,East Sussex,4,0,"1,252",29,0,0,29,0,0,0,0,0,0,0,0
Lord Cunningham of Felling,,8,0,"2,504","1,532",0,0,76,260,"1,197",0,0,0,0,0,0
Lord Currie of Marylebone,,2,0,0,0,0,0,0,0,0,0,0,0,0,0,0
Lord Curry of Kirkharle,Northumberland,3,0,939,692,0,0,49,583,0,0,0,60,0,0,0
Lord Dannatt,Norfolk,4,0,"1,252",179,0,0,0,179,0,0,0,0,0,0,0
Lord Darling of Roulanish,,2,0,626,363,0,0,0,79,284,0,0,0,0,0,0
Lord Darzi of Denham,Buckinghamshire,0,0,0,0,0,0,0,0,0,0,0,0,0,0,0
Lord Davidson of Glen Clova,,6,0,"1,565","1,192",0,0,0,0,"1,132",0,0,60,0,0,0
Lord Davies of Abersoch,,1,0,0,0,0,0,0,0,0,0,0,0,0,0,0
Lord Davies of Oldham,Hertfordshire,8,0,"2,504",127,0,0,0,127,0,0,0,0,0,0,0
Lord Davies of Stamford,Lincolnshire,5,0,"1,565",571,0,0,0,471,0,0,0,100,8,0,0
Lord De Mauley,Gloucestershire,3,0,313,80,0,0,80,0,0,0,0,0,0,0,0
Lord Dear,Gloucestershire,0,0,0,0,0,0,0,0,0,0,0,0,0,0,0
Lord Deben,,7,0,"2,191",0,0,0,0,0,0,0,0,0,0,0,0
Baroness Deech,Oxfordshire,5,0,"1,252",104,0,0,28,61,0,0,0,15,0,0,0
Lord Deighton,London,0,0,0,0,0,0,0,0,0,0,0,0,0,0,0
Lord Denham,Argyll,1,0,0,0,0,0,0,0,0,0,0,0,0,0,0
Bishop of Derby,,0,0,0,0,0,0,0,0,0,0,0,0,0,0,0
Lord Desai,London,1,0,313,0,0,0,0,0,0,0,0,0,0,0,0
Earl of Devon,,3,0,626,290,0,0,0,290,0,0,0,0,0,0,0
Lord Dholakia,West Sussex,8,0,"2,504",211,0,0,211,0,0,0,0,0,0,0,0
Lord Dixon-Smith,Essex,8,0,"1,409",131,0,0,131,0,0,0,0,0,0,0,0
Lord Dobbs,,5,0,"1,565",332,0,0,43,289,0,0,0,0,0,0,0
Baroness Donaghy,London,8,0,"2,504",0,0,0,0,0,0,0,0,0,0,0,0
Lord Donoughue,Berkshire,8,0,"2,504",0,0,0,0,0,0,0,0,0,0,0,0
Baroness Doocey,,7,0,"2,191",0,0,0,0,0,0,0,0,0,0,0,0
Baroness Drake,Surrey,8,0,"2,504",0,0,0,0,0,0,0,0,0,0,0,0
Lord Drayson,,5,0,0,0,0,0,0,0,0,0,0,0,0,0,0
Baroness D'Souza,Oxfordshire,4,0,"1,252",187,0,0,187,0,0,0,0,0,0,0,0
Lord Dubs,,6,0,"1,878",0,0,0,0,0,0,0,0,0,0,0,0
Lord Duncan of Springbank,,7,0,0,0,0,0,0,0,0,0,0,0,0,0,0
Earl of Dundee,Fife,4,2,314,0,0,0,0,0,0,0,0,0,0,0,0
Lord Dunlop,West Sussex,2,0,626,23,0,0,0,23,0,0,0,0,0,0,0
Bishop of Durham,County Durham,4,0,939,440,0,0,0,440,0,0,0,0,0,0,0
Lord Dykes,Overseas,8,0,"2,504",0,0,0,0,0,0,0,0,0,0,0,0
Lord Eames,County Down,7,0,"1,878",674,0,0,38,22,614,0,0,0,0,0,0
Baroness Eaton,Yorkshire,1,0,313,242,0,0,0,242,0,0,0,0,0,0,0
Lord Eatwell,Cambridgeshire,0,0,0,0,0,0,0,0,0,0,0,0,0,0,0
Baroness Eccles of Moulton,Yorkshire,1,0,313,0,0,0,0,0,0,0,0,0,0,0,0
Viscount Eccles,North Yorkshire,3,0,939,0,0,0,0,0,0,0,0,0,0,0,0
Lord Elder,City of Glasgow,7,0,"1,878",270,0,0,0,270,0,0,0,0,0,0,0
Lord Elis-Thomas,Conwy,1,0,313,131,0,0,0,131,0,0,0,0,0,0,0
Lord Elton,London,7,0,"2,191",0,0,0,0,0,0,0,0,0,0,0,0
Bishop of Ely,Cambridgeshire,2,0,470,95,0,0,0,95,0,0,0,0,0,0,0
Lord Elystan-Morgan,Ceredigion,2,0,0,0,0,0,0,0,0,0,0,0,0,0,0
Baroness Emerton,,3,0,627,58,0,0,0,58,0,0,0,0,0,0,0
Lord Empey,Northern Ireland,7,0,"2,191","1,196",0,0,8,17,"1,031",0,0,140,0,0,0
Earl of Erroll,Bedfordshire,8,0,"2,504",212,0,0,32,159,0,0,0,22,0,0,0
Baroness Evans of Bowes Park,,7,0,0,0,0,0,0,0,0,0,0,0,0,0,0
Lord Evans of Watford,,8,0,"2,504",0,0,0,0,0,0,0,0,0,0,0,0
Lord Evans of Weardale,,4,0,784,0,0,0,0,0,0,0,0,0,0,0,0
Lord Fairfax of Cameron,,3,0,313,0,0,0,0,0,0,0,0,0,0,0,0
Baroness Fairhead,,7,0,"2,191",0,0,0,0,0,0,0,0,0,0,0,0
Lord Falconer of Thoroton,,1,0,313,0,0,0,0,0,0,0,0,0,0,0,0
Viscount of Falkland,London,8,0,"2,504",0,0,0,0,0,0,0,0,0,0,0,0
Baroness Falkner of Margravine,London,8,0,"2,504",217,0,0,0,13,204,0,0,0,0,0,0
Baroness Fall,,6,0,"1,878",0,0,0,0,0,0,0,0,0,0,0,0
Lord Farmer,,0,0,0,0,0,0,0,0,0,0,0,0,0,0,0
Lord Faulkner of Worcester,Worcestershire,8,0,"2,504",0,0,0,0,0,0,0,0,0,0,0,0
Lord Faulks,,3,0,0,0,0,0,0,0,0,0,0,0,0,0,0
Baroness Featherstone,,8,0,"2,504",0,0,0,0,0,0,0,0,0,0,0,0
Lord Feldman of Elstree,,0,0,0,0,0,0,0,0,0,0,0,0,0,0,0
Lord Fellowes of West Stafford,Dorset,0,0,0,0,0,0,0,0,0,0,0,0,0,0,0
Lord Fellowes,London,6,0,785,0,0,0,0,0,0,0,0,0,0,0,0
Lord Filkin,Hertfordshire,3,0,939,0,0,0,0,0,0,0,0,0,0,0,0
Lord Fink,,1,0,0,0,0,0,0,0,0,0,0,0,0,0,0
Lord Finkelstein,London,3,0,0,0,0,0,0,0,0,0,0,0,0,0,0
Baroness Finlay of Llandaff,South Glamorgan,6,0,"1,878",409,0,0,5,335,0,0,0,69,0,0,0
Baroness Finn,,7,0,"2,191",0,0,0,0,0,0,0,0,0,0,0,0
Baroness Flather,Berkshire,4,0,"1,252",108,0,0,108,0,0,0,0,0,0,0,0
Lord Flight,Worcestershire,8,0,"2,504",256,0,0,256,0,0,0,0,0,0,0,0
Baroness Fookes,East Sussex,8,0,"2,504",108,0,0,6,74,0,0,0,28,0,0,0
Baroness Ford,London,0,0,0,0,0,0,0,0,0,0,0,0,0,0,0
Lord Forsyth of Drumlean,Stirling,6,0,"1,878","1,035",0,0,198,0,716,0,0,120,0,0,0
Lord Foster of Bath,Suffolk,8,0,"2,504",384,0,0,378,0,0,0,0,6,0,0,0
Lord Foulkes of Cumnock,Mid Lothian,7,2,"2,505",886,0,0,0,407,462,0,0,17,0,0,351
Lord Fowler,,8,0,0,100,0,0,0,100,0,0,0,0,0,0,0
Lord Fox,Berkshire,8,0,"2,504",0,0,0,0,0,0,0,0,0,7,0,0
Lord Framlingham,Suffolk,8,0,"2,504",331,0,0,331,0,0,0,0,0,0,0,0
Lord Fraser of Corriegarth,,4,0,0,0,0,0,0,0,0,0,0,0,0,0,0
Lord Freeman,London,8,0,"2,504",0,0,0,0,0,0,0,0,0,0,0,0
Lord Freud,Kent,1,0,0,0,0,0,0,0,0,0,0,0,0,0,0
Lord Freyberg,,6,0,"1,878",0,0,0,0,0,0,0,0,0,0,0,0
Baroness Fritchie,,0,0,0,0,0,0,0,0,0,0,0,0,0,0,0
Lord Gadhia,,8,0,"2,504",0,0,0,0,0,0,0,0,0,0,0,0
Baroness Gale,Cardiff,6,0,"1,565",75,0,0,0,75,0,0,0,0,0,0,0
Baroness Garden of Frognal,,8,0,"2,504",0,0,0,0,0,0,0,0,0,0,0,0
Lord Gardiner of Kimble,,3,0,0,0,0,0,0,0,0,0,0,0,0,0,0
Baroness Gardner of Parkes,Oxfordshire,8,0,"2,504",0,0,0,0,0,0,0,0,0,0,0,0
Lord Garel-Jones,London,5,0,"1,565",0,0,0,0,0,0,0,0,0,0,0,0
Lord Garnier,,6,0,"1,878",261,0,0,261,0,0,0,0,0,0,0,0
Lord Geddes,,2,0,626,142,0,0,142,0,0,0,0,0,0,0,0
Lord Geidt,,3,0,939,490,0,0,0,324,166,0,0,0,0,0,0
Lord German,Cwmbran,7,1,"2,348",296,0,0,16,263,0,0,0,16,0,0,0
Lord Giddens,,6,0,"1,252",0,0,0,0,0,0,0,0,0,0,0,0
Lord Gilbert of Panteg,,5,0,"1,252",0,0,0,0,0,0,0,0,0,0,0,0
Earl of Glasgow,North Ayrshire,5,0,"1,565",515,0,0,54,0,461,0,0,0,0,0,0
Lord Glasman,,7,0,"2,191",0,0,0,0,0,0,0,0,0,0,0,0
Lord Glenarthur,Kincardineshire,1,0,0,0,0,0,0,0,0,0,0,0,0,0,0
Lord Glendonbrook,,1,0,0,0,0,0,0,0,0,0,0,0,0,0,0
Bishop of Gloucester,Gloucestershire,1,0,313,186,0,0,0,186,0,0,0,0,0,0,0
Lord Goddard of Stockport,Cheshire,8,0,"2,504","1,384",0,0,35,"1,328",0,0,0,22,0,0,0
Lord Gold,,3,0,626,0,0,0,0,0,0,0,0,0,0,0,0
Baroness Goldie,Renfrewshire,6,0,"1,565",947,0,0,0,5,894,0,0,48,0,0,0
Baroness Golding,Staffordshire,8,0,"2,504","1,030",0,0,0,"1,030",0,0,0,0,0,0,0
Lord Goldsmith,London,6,0,"1,254",0,0,0,0,0,0,0,0,0,0,0,0
Lord Goodlad,London,8,0,"2,504",0,0,0,0,0,0,0,0,0,0,0,0
Lord Gordon of Strathblane,Stirling,4,0,"1,252","1,618",0,0,0,561,977,0,0,80,0,0,0
Viscount Goschen,West Sussex,3,0,0,0,0,0,0,0,0,0,0,0,0,0,0
Baroness Goudie,London,4,0,"1,252",0,0,0,0,0,0,0,0,0,0,0,0
Lord Grabiner,London,1,0,313,0,0,0,0,0,0,0,0,0,0,0,0
Lord Grade of Yarmouth,London,7,0,"2,191",0,0,0,0,0,0,0,0,0,0,0,0
Lord Graham of Edmonton,Essex,0,0,0,0,0,0,0,0,0,0,0,0,0,0,0
Lord Grantchester,Cheshire,6,0,"1,878",377,0,0,23,253,0,0,0,101,0,0,0
Lord Greaves,Lancashire,7,0,"2,191",772,0,0,81,643,0,0,0,48,15,0,0
Lord Green of Deddington,Oxfordshire,2,0,626,44,0,0,11,34,0,0,0,0,0,0,0
Lord Green of Hurstpierpoint,,3,0,0,0,0,0,0,0,0,0,0,0,0,0,0
Baroness Greenfield,Oxfordshire,0,0,0,0,0,0,0,0,0,0,0,0,0,0,0
Baroness Greengross,London,4,0,"1,252",0,0,0,0,0,0,0,0,0,0,0,0
Lord Greenway,Devon,5,0,"1,096",336,0,0,36,261,0,0,0,39,0,0,0
Baroness Grender,,7,0,"2,191",0,0,0,0,0,0,0,0,0,0,0,0
Baroness Grey-Thompson,County Durham,8,0,"2,504",297,0,0,0,297,0,0,0,0,0,0,0
Lord Griffiths of Burry Port,,7,0,"2,191",0,0,0,0,0,0,0,0,0,0,0,0
Lord Griffiths of Fforestfach,London,5,0,941,0,0,0,0,0,0,0,0,0,0,0,0
Lord Grocott,Staffordshire,4,2,"1,566",286,0,0,270,0,0,0,0,16,0,0,0
Lord Guthrie of Craigiebank,,0,0,0,0,0,0,0,0,0,0,0,0,0,0,0
Lord Hague of Richmond,,0,0,0,0,0,0,0,0,0,0,0,0,0,0,0
Viscount Hailsham,Lincolnshire,6,0,0,65,0,0,13,52,0,0,0,0,0,0,0
Lord Hain,West Glamorgan,6,0,"1,878",480,0,0,2,454,0,0,0,23,51,0,0
Lord Hall of Birkenhead,,0,0,0,0,0,0,0,0,0,0,0,0,0,0,0
Lord Hameed,,7,0,"2,191",0,0,0,0,0,0,0,0,0,0,0,0
Lord Hamilton of Epsom,Berkshire,7,5,"2,976",173,0,0,173,0,0,0,0,0,0,0,0
Baroness Hamwee,London,7,0,"2,191",0,0,0,0,0,0,0,0,0,0,0,0
Baroness Hanham,London,3,0,0,0,0,0,0,0,0,0,0,0,0,0,0
Lord Hannay of Chiswick,London,5,0,"1,565",0,0,0,0,0,0,0,0,0,0,0,0
Lord Hanningfield,Essex,0,0,0,0,0,0,0,0,0,0,0,0,0,0,0
Viscount Hanworth,London,6,0,"1,878",0,0,0,0,0,0,0,0,0,0,0,0
Lord Hardie,,0,0,0,0,0,0,0,0,0,0,0,0,0,0,0
Baroness Harding of Winscombe,,0,0,0,0,0,0,0,0,0,0,0,0,0,0,0
Lord Harries of Pentregarth,,7,0,"1,878",0,0,0,0,0,0,0,0,0,0,0,0
Lord Harris of Haringey,London,8,0,"2,504",0,0,0,0,0,0,0,0,0,0,0,0
Lord Harris of Peckham,Kent,3,0,0,0,0,0,0,0,0,0,0,0,0,0,0
Baroness Harris of Richmond,North Yorkshire,8,0,"2,504",879,0,0,22,774,0,0,0,84,0,0,0
Lord Harrison,Cheshire,1,0,313,81,0,0,0,81,0,0,0,0,0,0,0
Lord Haselhurst,,8,0,"2,504",109,0,0,18,92,0,0,0,0,0,0,0
Lord Haskel,Surrey,6,0,"1,252",0,0,0,0,0,0,0,0,0,0,0,0
Lord Haskins,Yorkshire,2,0,0,0,0,0,0,0,0,0,0,0,0,0,0
Lord Hastings of Scarisbrick,,6,0,"1,878",165,0,0,165,0,0,0,0,0,0,0,0
Lord Haughey,,5,0,0,0,0,0,0,0,0,0,0,0,0,0,0
Lord Haworth,Ross & Cromarty,5,0,"1,565",316,71,0,6,381,0,0,0,0,0,0,0
Lord Hay of Ballyore,County Londonderry,6,0,"1,878",828,0,0,108,101,522,0,0,97,0,0,0
Baroness Hayman,Norfolk,8,0,"2,504",0,0,0,0,0,0,0,0,0,0,0,0
Baroness Hayter of Kentish Town,,7,0,"2,191",0,0,0,0,0,0,0,0,0,0,0,0
Lord Hayward,,8,1,"2,661",0,0,0,0,0,0,0,0,0,0,0,0
Baroness Healy of Primrose Hill,London,7,0,"2,191",0,0,0,0,0,0,0,0,0,0,0,0
Baroness Helic,,3,0,627,0,0,0,0,0,0,0,0,0,0,0,0
Baroness Henig,,6,0,"1,878",0,0,0,0,0,0,0,0,0,0,0,0
Lord Henley,Cumbria,8,0,"2,504",246,0,0,0,246,0,0,0,0,0,0,0
Lord Hennessy of Nympsfield,,0,0,0,0,0,0,0,0,0,0,0,0,0,0,0
Lord Heseltine,,2,0,0,0,0,0,0,0,0,0,0,0,0,0,0
Lord Hill of Oareford,,1,0,0,0,0,0,0,0,0,0,0,0,0,0,0
Baroness Hilton of Eggardon,London,5,0,"1,565",0,0,0,0,0,0,0,0,0,0,0,0
Baroness Hodgson of Abinger,,5,0,"1,565",0,0,0,0,0,0,0,0,0,0,0,0
Lord Hodgson of Astley Abbotts,London,5,0,"1,253",0,0,0,0,0,0,0,0,0,0,0,0
Lord Hoffmann,London,1,0,0,0,0,0,0,0,0,0,0,0,0,0,0
Lord Hogan-Howe,Dorset,4,0,"1,096",0,0,0,0,0,0,0,0,0,0,0,0
Baroness Hogg,,0,0,0,0,0,0,0,0,0,0,0,0,0,0,0
Lord Hollick,London,7,0,"2,191",0,0,0,0,0,0,0,0,0,0,0,0
Baroness Hollins,,7,0,"1,878",90,0,0,25,65,0,0,0,0,0,0,0
Lord Holmes of Richmond,,8,0,"2,504",0,0,0,0,0,0,0,0,0,0,0,0
Earl Home,,1,0,0,0,0,0,0,0,0,0,0,0,0,0,0
Baroness Hooper,Hampshire,5,0,"1,565",70,0,0,70,0,0,0,0,0,0,0,0
Lord Hope of Craighead,Edinburgh,7,0,"1,878","1,376",0,0,0,135,"1,145",0,0,96,0,0,0
Lord Horam,London,7,0,"2,191",0,0,0,0,0,0,0,0,0,0,0,0
Lord Houghton of Richmond,North Yorkshire,5,0,"1,252",310,0,0,0,286,0,0,0,24,0,0,0
Lord Howard of Lympne,,3,0,783,0,0,0,0,0,0,0,0,0,0,0,0
Lord Howard of Rising,,4,0,0,0,0,0,0,0,0,0,0,0,0,0,0
Baroness Howarth of Breckland,Norfolk,1,0,313,81,0,0,81,0,0,0,0,0,0,0,0
Lord Howarth of Newport,Norfolk,3,0,939,162,0,0,162,0,0,0,0,0,0,0,0
Baroness Howe of Idlicote,Warwickshire,7,0,"2,191",299,0,0,299,0,0,0,0,0,0,0,0
Earl Howe,Buckinghamshire,7,0,"2,191",85,0,0,0,61,0,0,0,24,0,0,0
Lord Howell of Guildford,Hampshire,7,0,"2,191",0,0,0,0,0,0,0,0,0,0,0,0
Lord Hoyle,Lancashire,1,0,313,265,0,0,7,258,0,0,0,0,0,0,0
Baroness Hughes of Stretford,Greater Manchester,4,0,939,304,0,0,0,278,0,0,0,26,0,0,0
Lord Hughes of Woodside,London,8,0,"2,504",0,0,0,0,0,0,0,0,0,0,0,0
Baroness Humphreys,North Wales,5,0,"1,565",321,0,0,43,278,0,0,0,0,0,0,0
Lord Hunt of Chesterton,Cambridgeshire,2,0,313,50,0,0,50,0,0,0,0,0,0,0,0
Lord Hunt of Kings Heath,West Midlands,6,0,"1,878",303,0,0,0,303,0,0,0,0,0,0,0
Lord Hunt of Wirral,Somerset,7,0,"2,191",0,0,0,0,0,0,0,0,0,0,0,0
Lord Hussain,Bedfordshire,8,0,"2,504",272,0,0,0,192,0,0,0,80,0,0,0
Baroness Hussein-Ece,,8,0,"2,504",0,0,0,0,0,0,0,0,0,0,0,0
Lord Hutton of Furness,,3,0,939,0,0,0,0,0,0,0,0,0,0,0,0
Lord Hylton,Somerset,4,0,939,108,0,0,108,0,0,0,0,0,41,0,0
Lord Inglewood,Cumbria,8,0,"2,504","1,080",0,0,174,906,0,0,0,0,0,0,0
Lord Irvine of Lairg,London,8,0,0,0,0,0,0,0,0,0,0,0,0,0,0
Lord James of Blackheath,Sussex,8,0,"2,504",432,0,0,432,0,0,0,0,0,0,0,0
Baroness Janke,,4,0,"1,252",167,0,0,0,144,0,0,0,23,0,0,0
Lord Janvrin,London,6,0,"1,254",0,0,0,0,0,0,0,0,0,0,0,0
Lord Jay of Ewelme,Oxfordshire,7,0,"1,878",0,0,0,0,0,0,0,0,0,0,0,0
Baroness Jay of Paddington,Oxfordshire,0,0,0,0,0,0,0,0,0,0,0,0,0,0,0
Baroness Jenkin of Kennington,London,6,0,"1,878",0,0,0,0,0,0,0,0,0,0,0,0
Baroness Jolly,Cornwall,5,0,"1,565",474,0,0,248,226,0,0,0,0,0,0,0
Lord Jones of Birmingham,Warwickshire,2,0,626,168,0,0,25,143,0,0,0,0,0,0,0
Lord Jones of Cheltenham,Gloucestershire,5,0,"1,252",270,0,0,270,0,0,0,0,0,0,0,0
Baroness Jones of Moulsecoomb,London,8,0,"2,504",0,0,0,0,0,0,0,0,0,15,0,0
Baroness Jones of Whitchurch,East Sussex,7,0,"2,191",126,0,0,0,72,0,0,0,54,0,0,0
Lord Jones,Flintshire,8,0,"2,191","1,052",0,0,0,"1,052",0,0,0,0,0,0,0
Lord Jopling,North Yorkshire,4,0,"1,252",292,0,0,292,0,0,0,0,0,0,0,0
Lord Jordan,West Midlands,5,0,"1,565",894,0,0,0,825,0,0,0,69,0,0,0
Lord Judd,Cumbria,6,0,"1,878",271,0,0,74,197,0,0,0,0,0,0,0
Lord Judge,Warwickshire,3,0,939,136,0,0,0,101,0,0,0,34,0,0,0
Lord Kakkar,London,3,0,314,0,0,0,0,0,0,0,0,0,0,0,0
Lord Kalms,,0,0,0,0,0,0,0,0,0,0,0,0,0,0,0
Lord Keen of Elie,Scotland,2,0,0,0,0,0,0,0,0,0,0,0,0,540,769
Baroness Kennedy of Cradley,,8,0,"2,504",0,0,0,0,0,0,0,0,0,0,0,0
Lord Kennedy of Southwark,London,8,0,"2,504",0,0,0,0,0,0,0,0,0,0,0,0
Baroness Kennedy of The Shaws,London,6,0,"1,878",0,0,0,0,0,0,0,0,0,0,0,0
Lord Kerr of Kinlochard,London,8,0,"2,504",0,0,0,0,0,0,0,0,0,0,0,0
Lord Kerslake,South Yorkshire,6,0,"1,878",0,0,0,0,0,0,0,0,0,0,0,0
Lord Kestenbaum,London,1,0,0,0,0,0,0,0,0,0,0,0,0,0,0
Baroness Kidron,,3,0,939,0,0,0,0,0,0,0,0,0,0,0,0
Lord Kilclooney,Northern Ireland,6,0,"1,565",705,0,0,74,0,631,0,0,0,0,0,395
Baroness King of Bow,London,0,0,0,0,0,0,0,0,0,0,0,0,0,0,0
Lord King of Bridgwater,,4,0,"1,252",238,0,0,0,210,0,0,0,28,0,0,0
Lord King of Lothbury,,0,0,0,0,0,0,0,0,0,0,0,0,0,0,0
Baroness Kingsmill,London,5,0,"1,565",0,0,0,0,0,0,0,0,0,0,0,0
Baroness Kinnock of Holyhead,,4,0,939,0,0,0,0,0,0,0,0,0,0,0,0
Lord Kinnock,,4,0,"1,252",0,0,0,0,0,0,0,0,0,0,0,0
Earl of Kinnoull,Perthshire,7,0,"1,252",723,0,0,73,539,112,0,0,0,0,0,0
Lord Kirkham,Yorkshire,2,0,0,0,0,0,0,0,0,0,0,0,0,0,0
Lord Kirkhope of Harrogate,North Yorkshire,8,0,"2,504",563,0,0,275,288,0,0,0,0,0,0,0
Lord Kirkwood of Kirkhope,Scottish Borders,4,0,"1,252",720,0,0,187,533,0,0,0,0,0,0,0
Lord Knight of Weymouth,London,6,0,"1,878",0,0,0,0,0,0,0,0,0,0,0,0
Baroness Kramer,,8,0,"2,504",0,0,0,0,0,0,0,0,0,0,0,0
Lord Krebs,Oxford,4,0,"1,252",126,0,0,0,126,0,0,0,0,0,0,0
Lord Laming,Hertfordshire,6,0,"1,878",194,0,0,11,147,0,0,0,37,0,0,0
Lord Lamont of Lerwick,London,7,0,"2,191",0,0,0,0,0,0,0,0,0,0,0,0
Baroness Lane-Fox of Soho,,5,0,0,0,0,0,0,0,0,0,0,0,0,0,0
Lord Lang of Monkton,South Ayrshire,6,0,"1,565","1,312",0,0,32,581,610,0,0,90,0,0,0
Lord Lansley,Cambridgeshire,7,0,"2,191",321,0,0,257,64,0,0,0,0,0,0,0
Baroness Lawrence of Clarendon,,8,0,"2,504",0,0,0,0,0,0,0,0,0,0,0,0
Lord Lawson of Blaby,Overseas,1,0,0,0,0,0,0,0,0,0,0,0,0,0,0
Lord Layard,London,4,0,0,0,0,0,0,0,0,0,0,0,0,0,0
Lord Lea of Crondall,Hampshire,8,0,"2,504",158,0,0,158,0,0,0,0,0,0,0,0
Lord Lee of Trafford,Borough of Richmond,6,0,"1,722",0,0,0,0,0,0,0,0,0,15,0,0
Bishop of Leeds,Yorkshire,5,0,939,382,0,0,0,382,0,0,0,0,0,0,0
Lord Leigh of Hurley,London,5,0,"1,253",0,0,0,0,0,0,0,0,0,0,0,0
Lord Leitch,,3,0,0,0,0,0,0,0,0,0,0,0,0,0,0
Lord Lennie,Tyne & Wear,4,0,"1,252",109,0,0,0,99,0,0,0,10,0,0,0
Lord Levene of Portsoken,London,2,0,0,0,0,0,0,0,0,0,0,0,0,0,0
Lord Levy,London,2,0,626,0,0,0,0,0,0,0,0,0,0,0,0
Lord Lexden,London,6,0,"1,878",0,0,0,0,0,0,0,0,0,0,0,0
Baroness Liddell of Coatdyke,Renfrewshire,5,0,"1,565",629,0,0,8,164,456,0,0,0,0,0,0
Lord Liddle,Cumbria,7,0,"2,191",411,0,0,23,388,0,0,0,0,0,0,0
Lord Lilley,,6,0,"1,878",0,0,0,0,0,0,0,0,0,0,0,0
Bishop of Lincoln,Lincolnshire,0,0,0,0,0,0,0,0,0,0,0,0,0,0,0
Earl of Lindsay,Fife,4,0,939,60,0,0,0,0,0,0,0,60,0,0,0
Lord Lingfield,Surrey,8,0,"2,504",230,0,0,230,0,0,0,0,0,0,0,0
Lord Lipsey,Powys,6,0,"1,878",83,0,0,83,0,0,0,0,0,0,0,0
Baroness Lister of Burtersett,Nottinghamshire,2,0,0,0,0,0,0,0,0,0,0,0,0,0,0
Earl of Listowel,London,8,0,0,0,0,0,0,0,0,0,0,0,0,0,0
Lord Lisvane,Herefordshire,5,0,"1,565",274,0,0,274,0,0,0,0,0,0,0,0
Lord Livermore,,8,0,"2,504",0,0,0,0,0,0,0,0,0,0,0,0
Earl of Liverpool,Gloucestershire,3,0,939,104,0,0,104,0,0,0,0,0,0,0,0
Lord Livingston of Parkhead,,0,0,0,0,0,0,0,0,0,0,0,0,0,0,0
Lord Llewellyn of Steep,,0,0,0,0,0,0,0,0,0,0,0,0,0,0,0
Bishop of London,,4,0,784,0,0,0,0,0,0,0,0,0,0,0,0
Lord Loomba,,4,0,"1,252",0,0,0,0,0,0,0,0,0,0,0,0
Marquess of Lothian,Wiltshire,2,0,626,0,0,0,0,0,0,0,0,0,0,0,0
Lord Low of Dalston,London,8,0,"2,504",0,0,0,0,0,0,0,0,0,0,0,0
Lord Lucas,East Sussex,4,0,"1,252",96,0,0,0,96,0,0,0,0,0,0,0
Lord Luce,Sussex,4,0,939,61,0,0,61,0,0,0,0,0,0,0,0
Baroness Ludford,London,5,0,"1,565",0,0,0,0,0,0,0,0,0,0,0,0
Lord Lupton,,4,0,0,0,0,0,0,0,0,0,0,0,0,0,0
Earl of Lytton,West Sussex,6,0,"1,410",135,0,0,22,114,0,0,0,0,0,0,0
Lord Macdonald of River Glaven,,4,0,"1,252",0,0,0,0,0,0,0,0,0,0,0,0
Lord Mackay of Clashfern,Highlands,4,0,"1,252",670,0,0,0,0,670,0,0,0,0,0,0
Lord MacKenzie of Culkein,West Dunbartonshire,6,0,"1,565",822,0,0,30,10,682,0,0,100,0,0,0
Lord Mackenzie of Framwellgate,Durham,7,0,"2,191",815,0,0,0,779,0,0,0,36,0,0,0
Lord Maclennan of Rogart,Caithness,0,0,0,0,0,0,0,0,0,0,0,0,0,0,0
Lord Macpherson of Earl's Court,,6,0,942,0,0,0,0,0,0,0,0,0,0,0,0
Baroness Maddock,Northumberland,7,0,"2,191",523,0,0,0,523,0,0,0,0,0,0,0
Lord Magan of Castletown,,0,0,0,0,0,0,0,0,0,0,0,0,0,0,0
Lord Maginnis of Drumglass,South Tyrone,5,0,"1,565","1,140",0,0,101,14,"1,025",0,0,0,0,0,0
Lord Mair,Cambridgeshire,3,0,939,0,0,0,0,0,0,0,0,0,0,0,0
Baroness Mallalieu,Buckinghamshire,1,0,157,176,0,0,176,0,0,0,0,0,0,0,0
Lord Malloch-Brown,London,1,0,0,0,0,0,0,0,0,0,0,0,0,0,0
Lord Mance,,1,0,157,0,0,0,0,0,0,0,0,0,0,0,0
Lord Mancroft,Gloucestershire,6,0,"1,878",313,0,0,313,0,0,0,0,0,0,0,0
Lord Mandelson,,2,0,0,0,0,0,0,0,0,0,0,0,0,0,0
Baroness Manningham-Buller,,0,0,0,0,0,0,0,0,0,0,0,0,0,0,0
Baroness Manzoor,Yorkshire,8,0,"2,504",466,0,0,466,0,0,0,0,0,0,0,0
Countess of Mar,Worcestershire,1,0,0,0,0,0,0,0,0,0,0,0,0,0,0
Lord Marks of Henley-on-Thames,Oxfordshire,8,0,"2,504",0,0,0,0,0,0,0,0,0,0,0,0
Lord Marland,Wiltshire,1,0,313,41,0,0,41,0,0,0,0,0,0,0,0
Lord Marlesford,Suffolk,8,0,"2,504",293,0,0,239,53,0,0,0,0,0,0,0
Baroness Masham of Ilton,North Yorkshire,6,0,"1,878",859,0,0,162,697,0,0,0,0,0,0,0
Baroness Massey of Darwen,Sussex,8,0,"2,191",209,0,0,0,209,0,0,0,0,0,0,0
Lord Maude of Horsham,,4,0,"1,252",0,0,0,0,0,0,0,0,0,0,0,0
Lord Mawhinney,Cambridgeshire,0,0,0,0,0,0,0,0,0,0,0,0,0,0,0
Lord Mawson,Oxfordshire,5,0,"1,252",146,0,0,146,0,0,0,0,0,0,0,0
Lord Maxton,Scotland,6,0,"1,565",679,0,0,0,679,0,0,0,0,0,0,0
Lord McAvoy,Lanarkshire,7,0,0,765,0,0,0,659,0,0,0,106,0,"1,400",0
Lord McColl of Dulwich,London,5,0,"1,565",0,0,0,0,0,0,0,0,0,0,0,0
Lord McConnell of Glenscorrodale,Stirlingshire,7,0,"2,191",801,0,0,220,30,462,0,0,90,29,0,0
Lord McCrea of Magherafelt & Cookstown,,6,0,"1,878","1,716",0,0,110,0,"1,606",0,0,0,0,0,0
Baroness McDonagh,London,6,0,"1,878",0,0,0,0,0,0,0,0,0,0,0,0
Lord McFall of Alcluith,Dumbarton,7,0,0,990,0,0,765,166,0,0,0,59,0,0,61
Baroness McGregor-Smith,,5,0,"1,252",68,0,0,3,65,0,0,0,0,0,0,0
Lord McInnes of Kilwinning,City of Edinburgh,2,0,0,0,0,0,0,0,0,0,0,0,0,0,0
Baroness McIntosh of Hudnall,,7,0,"2,191",0,0,0,0,0,0,0,0,0,0,0,0
Baroness McIntosh of Pickering,North Yorkshire,5,0,"1,565",264,0,0,0,246,0,0,0,19,0,0,0
Lord McKenzie of Luton,Luton,6,0,"1,252",255,0,0,0,255,0,0,0,0,0,0,0
Lord McNally,Hertfordshire,7,2,"2,505",125,0,0,0,125,0,0,0,0,0,0,0
Lord McNicol of West Kilbride,,8,0,"2,504",0,0,0,0,0,0,0,0,0,7,0,0
Baroness Meacher,London,7,0,"2,191",0,0,0,0,0,0,0,0,0,0,0,0
Lord Mendelsohn,,3,0,0,0,0,0,0,0,0,0,0,0,0,0,0
Baroness Meyer,,8,0,"2,504",0,0,0,0,0,0,0,0,0,0,0,0
Baroness Miller of Chilthorne Domer,,4,0,"1,252",70,0,0,0,70,0,0,0,0,0,0,0
Lord Mitchell,London,5,0,"1,565",0,0,0,0,0,0,0,0,0,0,0,0
Baroness Mone,London,4,0,"1,252",0,0,0,0,0,0,0,0,0,0,0,0
Lord Monks,,6,0,"1,878",0,0,0,0,0,0,0,0,0,0,0,0
Duke of Montrose,Glasgow,5,0,"1,252",593,0,0,45,16,533,0,0,0,0,0,0
Lord Moonie,Fife,0,0,0,0,0,0,0,0,0,0,0,0,0,0,0
Baroness Morgan of Drefelin,,2,0,0,0,0,0,0,0,0,0,0,0,0,0,0
Baroness Morgan of Ely,South Wales,1,0,0,0,0,0,0,0,0,0,0,0,0,0,0
Baroness Morgan of Huyton,,7,0,"2,191",59,0,0,59,0,0,0,0,0,0,0,0
Lord Morgan,Oxfordshire,7,0,"2,191",113,0,0,0,38,0,0,0,75,0,0,0
Lord Morris of Aberavon,Ceredigion,6,0,"1,565",185,0,0,27,158,0,0,0,0,0,0,158
Baroness Morris of Bolton,Bolton,8,0,"2,504",402,0,0,9,393,0,0,0,0,0,0,0
Lord Morris of Handsworth,Shropshire,8,0,"2,504",297,0,0,119,178,0,0,0,0,0,0,0
Baroness Morris of Yardley,Derbyshire,7,0,"1,722",0,0,0,0,0,0,0,0,0,0,0,0
Lord Morrow,,6,0,"1,878","1,714",0,0,101,198,"1,415",0,0,0,0,0,270
Lord Mountevans,,4,0,628,0,0,0,0,0,0,0,0,0,0,0,0
Lord Moynihan,,5,0,"1,565",113,0,0,17,0,0,0,0,96,0,0,0
Lord Murphy of Torfaen,Torfaen ,7,0,"2,191",426,0,0,0,396,0,0,0,30,0,0,0
Baroness Murphy,Norfolk,1,0,313,50,0,0,50,0,0,0,0,0,0,0,0
Lord Myners,,0,0,0,0,0,0,0,0,0,0,0,0,0,0,0
Lord Naseby,Bedfordshire,6,0,"1,878",273,0,0,140,133,0,0,0,0,14,0,0
Lord Nash,,2,0,0,0,0,0,0,0,0,0,0,0,0,0,0
Lord Neuberger of Abbotsbury,,0,0,0,0,0,0,0,0,0,0,0,0,0,0,0
Baroness Neuberger,London,2,0,470,0,0,0,0,0,0,0,0,0,0,0,0
Baroness Neville-Jones,,5,0,"1,565",0,101,0,0,101,0,0,0,0,0,0,0
Baroness Neville-Rolfe,Wiltshire,5,0,"1,565",0,0,0,0,0,0,0,0,0,0,0,0
Lord Newby,North Yorkshire,5,0,"1,565",431,0,0,0,397,0,0,0,35,0,0,0
Bishop of Newcastle,,2,0,626,238,0,0,0,238,0,0,0,0,0,0,0
Baroness Newlove,Merseyside,6,0,"1,565",420,0,0,0,320,0,0,0,100,0,0,0
Baroness Nicholson of Winterbourne,London,6,0,"1,878",0,0,0,0,0,0,0,0,0,0,0,0
Baroness Noakes,Kent,6,0,"1,878",135,0,0,135,0,0,0,0,0,0,0,0
Duke of Norfolk,,0,0,0,0,0,0,0,0,0,0,0,0,0,0,0
Lord Northbrook,Hampshire,6,0,"1,878",103,0,0,103,0,0,0,0,0,0,0,0
Baroness Northover,,8,0,"2,504",0,0,0,0,0,0,0,0,0,0,0,0
Lord Norton of Louth,City of Kingston upon Hull,7,0,"1,567",156,0,0,0,156,0,0,0,0,0,0,0
Baroness Nye,,6,0,0,0,0,0,0,0,0,0,0,0,0,0,0
Lord Oakeshott of Seagrove Bay,London,2,0,0,0,0,0,0,0,0,0,0,0,0,0,0
Lord Oates,,4,0,"1,252",0,0,0,0,0,0,0,0,0,0,0,0
Baroness O'Cathain,West Sussex,7,0,"2,191",58,0,0,0,58,0,0,0,0,0,0,0
Lord O'Donnell,London,5,0,0,0,0,0,0,0,0,0,0,0,0,0,0
Baroness O'Loan,,4,0,784,"1,217",0,0,81,148,988,0,0,0,0,0,0
Baroness O'Neill of Bengarve,London,7,0,"1,878",0,0,0,0,0,0,0,0,0,0,0,0
Lord O'Neill of Clackmannan,Edinburgh,8,0,"2,504",851,0,0,0,539,245,0,0,67,0,0,277
Lord O'Neill of Gatley,,2,0,0,0,0,0,0,0,0,0,0,0,0,0,0
Baroness Osamor,,7,0,"2,191",0,0,0,0,0,0,0,0,0,0,0,0
Lord O'Shaughnessy,,6,0,"1,878",0,0,0,0,0,0,0,0,0,0,0,0
Lord Owen,London,3,0,471,0,0,0,0,0,0,0,0,0,0,0,0
Lord Oxburgh,Cambridgeshire,8,0,"2,504",0,0,0,0,0,0,0,0,0,0,0,0
Earl of Oxford and Asquith,Somerset,1,0,0,0,0,0,0,0,0,0,0,0,0,0,0
Bishop of Oxford,Oxfordshire,0,0,0,0,0,0,0,0,0,0,0,0,0,0,0
Lord Paddick,London,5,0,"1,565",0,0,0,0,0,0,0,0,0,0,0,0
Lord Palmer of Childs Hill,,7,0,"2,191",0,0,0,0,0,0,0,0,0,0,0,0
Lord Palmer,Scottish Borders,6,0,"1,878","2,504",0,0,41,"2,464",0,0,0,0,21,0,0
Lord Palumbo of Southwark,,0,0,0,0,0,0,0,0,0,0,0,0,0,0,0
Lord Palumbo,,0,0,0,0,0,0,0,0,0,0,0,0,0,0,0
Lord Pannick,Hertfordshire,4,0,"1,252",0,0,0,0,0,0,0,0,0,0,0,0
Lord Parekh,East Yorkshire,1,0,0,69,0,0,0,69,0,0,0,0,0,0,0
Baroness Parminter,,7,0,"2,191",186,0,0,0,186,0,0,0,0,0,0,0
Lord Patel of Bradford,Yorkshire,7,0,"2,191",657,0,0,657,0,0,0,0,0,0,0,0
Lord Patel,Perth & Kinross,2,0,313,180,0,0,54,0,126,0,0,0,0,0,0
Lord Patten of Barnes,London,4,0,939,0,0,0,0,0,0,0,0,0,0,0,0
Lord Patten,Somerset,2,0,0,0,0,0,0,0,0,0,0,0,0,0,0
Lord Paul,Buckinghamshire,8,0,"2,504",0,0,0,0,0,0,0,0,0,0,0,0
Lord Pearson of Rannoch,Perth & Kinross,4,0,"1,252",329,0,0,0,329,0,0,0,0,0,0,0
Earl Peel,North Yorkshire,0,0,0,0,0,0,0,0,0,0,0,0,0,0,0
Lord Pendry,Manchester,8,0,"2,504",715,0,0,0,675,0,0,0,40,0,0,0
Bishop of Peterborough,Cambridgeshire,0,0,0,0,0,0,0,0,0,0,0,0,0,0,0
Lord Phillips of Worth Matravers,,2,0,314,0,0,0,0,0,0,0,0,0,0,0,0
Lord Pickles,,2,0,626,40,0,0,0,40,0,0,0,0,0,0,0
Baroness Pidding,Buckinghamshire,5,0,"1,565",76,0,0,0,65,0,0,0,11,0,0,0
Baroness Pinnock,West Yorkshire,7,0,"2,191",585,0,0,69,516,0,0,0,0,0,0,0
Baroness Pitkeathley,Herefordshire,8,0,"2,504",315,0,0,315,0,0,0,0,0,0,0,0
Lord Plant of Highfield,City of Southampton,0,0,0,0,0,0,0,0,0,0,0,0,0,0,0
Lord Polak,Hertfordshire,7,0,"2,191",0,0,0,0,0,0,0,0,0,0,0,0
Lord Ponsonby of Shulbrede,,3,0,0,0,0,0,0,0,0,0,0,0,0,0,0
Lord Popat,Middlesex,4,0,"1,252",0,0,0,0,0,0,0,0,0,0,0,0
Lord Porter of Spalding,Lincolnshire,7,0,"1,566",600,0,0,36,512,0,0,0,52,0,0,0
Bishop of Portsmouth,Hampshire,2,0,314,13,0,0,0,13,0,0,0,0,0,0,0
Lord Powell of Bayswater,London,5,0,"1,565",0,0,0,0,0,0,0,0,0,0,0,0
Baroness Prashar,,8,0,"2,504",0,0,0,0,0,0,0,0,0,0,0,0
Lord Prescott,Hull,0,0,0,0,0,0,0,0,0,0,0,0,0,0,0
Lord Price,Dorset,4,0,"1,252",223,0,0,223,0,0,0,0,0,0,0,0
Baroness Primarolo,Gloucestershire,5,0,"1,565",96,0,0,13,84,0,0,0,0,0,0,0
Lord Prior of Brampton,Suffolk,5,0,"1,565",0,0,0,0,0,0,0,0,0,0,0,0
Baroness Prosser,Surrey,6,0,"1,878",123,0,0,0,43,0,0,0,80,0,0,0
Lord Purvis of Tweed,Scottish Borders,7,0,"2,191","1,616",0,0,131,64,"1,281",0,0,140,0,0,0
Lord Puttnam,Eire,3,0,939,0,0,0,0,0,0,0,0,0,0,0,0
Baroness Quin,Northumberland,5,0,"1,565",260,0,0,0,260,0,0,0,0,0,0,0
Lord Radice,Lincolnshire,3,0,939,163,0,0,0,123,0,0,0,40,0,0,0
Baroness Ramsay of Cartvale,Glasgow,5,0,"1,565",738,0,0,0,0,678,0,0,60,0,0,0
Lord Ramsbotham,,7,0,"1,878",0,0,0,0,0,0,0,0,0,0,0,0
Lord Rana,Northern Ireland,2,0,626,318,0,0,25,0,293,0,0,0,0,0,0
Lord Randall of Uxbridge,,7,0,"2,191",0,0,0,0,0,0,0,0,0,0,0,0
Baroness Randerson,South Wales,5,0,"1,565",282,0,0,0,247,0,0,0,35,0,0,0
Lord Ravensdale,,4,0,"1,252",836,0,0,13,794,0,0,0,29,0,0,0
Baroness Rawlings,Norfolk,6,0,"1,878",311,0,0,117,134,0,0,0,60,0,0,0
Lord Razzall,Wiltshire,7,0,"2,191",180,0,0,180,0,0,0,0,0,0,0,0
Lord Rea,East Sussex,0,0,0,0,0,0,0,0,0,0,0,0,0,0,0
Lord Reay,,5,0,"1,565",0,0,0,0,0,0,0,0,0,0,0,0
Baroness Rebuck,,5,0,628,0,0,0,0,0,0,0,0,0,0,0,0
Lord Redesdale,Northumberland,7,0,"2,191",142,0,0,0,142,0,0,0,0,0,0,0
Baroness Redfern,Lincolnshire,8,0,"2,191",488,0,0,0,397,0,0,0,91,0,0,0
Lord Rees of Ludlow,Cambridgeshire,4,0,"1,252",98,0,0,0,60,0,0,0,38,0,0,0
Lord Reid of Cardowan,London,6,0,"1,878",0,0,0,0,0,0,0,0,0,0,0,0
Lord Renfrew of Kaimsthorn,Cambridgeshire,1,0,313,33,0,0,0,33,0,0,0,0,0,0,0
Lord Rennard,East Sussex,6,1,"2,035",0,0,0,0,0,0,0,0,0,0,0,0
Lord Ribeiro,Hampshire,3,0,939,163,0,0,0,128,0,0,0,35,0,0,0
Lord Richards of Herstmonceux,Hampshire,0,0,0,0,0,0,0,0,0,0,0,0,0,0,0
Lord Ricketts,,7,0,"2,191",0,0,0,0,0,0,0,0,0,0,0,0
Viscount Ridley,Northumberland,1,0,313,143,0,0,0,143,0,0,0,0,0,0,0
Lord Risby,,7,0,"2,191",0,0,0,0,0,0,0,0,0,0,0,0
Lord Robathan,,3,0,939,136,0,0,0,118,0,0,0,18,0,0,0
Lord Roberts of Llandudno,Conwy,5,0,"1,565",227,0,0,0,190,0,0,0,37,0,0,0
Lord Robertson of Port Ellen,Perthshire,6,0,"1,878",811,0,0,54,0,757,0,0,0,0,0,0
Bishop of Rochester,Kent,1,0,157,10,0,0,0,10,0,0,0,0,0,0,0
Baroness Rock,,6,0,"1,878",0,0,0,0,0,0,0,0,0,0,0,0
Lord Rodgers of Quarry Bank,London,4,0,"1,252",0,0,0,0,0,0,0,0,0,0,0,0
Lord Rogan,Ulster,6,0,"1,878","1,708",0,0,38,59,"1,611",0,0,0,0,0,455
Lord Rogers of Riverside,London,1,0,0,0,0,0,0,0,0,0,0,0,0,0,0
Lord Rooker,Shropshire,8,0,"2,504",473,0,0,473,0,0,0,0,0,0,0,0
Lord Rose of Monewden,,0,0,0,0,0,0,0,0,0,0,0,0,0,0,0
Lord Rosser,Wiltshire,6,0,"1,878",0,0,0,0,0,0,0,0,0,0,0,0
Earl of Rosslyn,Berkshire,3,0,0,0,0,0,0,0,0,0,0,0,0,0,0
Lord Rotherwick,Oxfordshire,1,0,313,63,0,0,63,0,0,0,0,0,0,0,0
Lord Rowe-Beddoe,,8,0,"2,504",0,0,0,0,0,0,0,0,0,0,0,0
Lord Rowlands,Carmarthenshire,6,0,"1,878",453,0,0,0,453,0,0,0,0,59,0,0
Baroness Royall of Blaisdon,Gloucestershire,4,0,939,113,0,0,113,0,0,0,0,0,14,0,0
Lord Russell of Liverpool,,7,2,"2,505",0,0,0,0,0,0,0,0,0,0,0,0
Lord Ryder of Wensum,London,0,0,0,0,0,0,0,0,0,0,0,0,0,0,0
Lord Saatchi,Sussex,0,0,0,0,0,0,0,0,0,0,0,0,0,0,0
Lord Sacks,,0,0,0,0,0,0,0,0,0,0,0,0,0,0,0
Lord Sainsbury of Preston Candover,London,0,0,0,0,0,0,0,0,0,0,0,0,0,0,0
Lord Sainsbury of Turville,London,0,0,0,0,0,0,0,0,0,0,0,0,0,0,0
Bishop of Salisbury,Wiltshire,1,0,0,0,0,0,0,0,0,0,0,0,0,0,0
Earl of Sandwich,,4,0,939,252,0,0,252,0,0,0,0,0,0,0,0
Lord Sassoon,,1,0,0,0,0,0,0,0,0,0,0,0,0,0,0
Baroness Sater,,4,0,"1,252",0,0,0,0,0,0,0,0,0,0,0,0
Lord Saville of Newdigate,,0,0,0,0,0,0,0,0,0,0,0,0,0,0,0
Lord Sawyer,East Sussex,6,0,"1,565",0,0,0,0,0,0,0,0,0,0,0,0
Baroness Scotland of Asthal,London,0,0,0,0,0,0,0,0,0,0,0,0,0,0,0
Baroness Scott of Bybrook,Wiltshire,7,0,"2,191",331,0,0,331,0,0,0,0,0,0,0,0
Baroness Scott of Needham Market,Suffolk,8,0,"2,504",202,0,0,0,143,0,0,0,59,0,0,0
Lord Scriven,,7,0,"2,191",763,0,0,0,763,0,0,0,0,0,0,0
Baroness Seccombe,Warwickshire,7,0,"2,191",216,0,0,167,29,0,0,0,20,0,0,0
Earl of Selborne,Hampshire,8,0,"1,878",129,0,0,0,122,0,0,0,7,0,0,0
Lord Selkirk of Douglas,,5,0,"1,565",647,0,0,27,601,0,0,0,20,0,0,333
Lord Selsdon,Overseas,0,0,0,0,0,0,0,0,0,0,0,0,0,0,0
Baroness Shackleton of Belgravia,,8,0,"2,504",0,0,0,0,0,0,0,0,0,0,0,0
Lord Sharkey,,8,0,"2,504",0,0,0,0,0,0,0,0,0,0,0,0
Baroness Sheehan,,8,0,"2,504",0,0,0,0,0,0,0,0,0,0,0,0
Lord Sheikh,Hertfordshire,3,0,939,0,0,0,0,0,0,0,0,0,14,0,0
Baroness Shephard of Northwold,Norfolk,5,0,"1,252",339,0,0,270,69,0,0,0,0,0,0,0
Lord Sherbourne of Didsbury,,7,0,"2,035",0,0,0,0,0,0,0,0,0,0,0,0
Baroness Sherlock,Durham,8,0,"2,504","1,034",0,0,0,"1,034",0,0,0,0,0,0,0
Baroness Shields,,0,0,0,0,0,0,0,0,0,0,0,0,0,0,0
Lord Shinkwin,London,7,0,"2,191",0,0,0,0,0,0,0,0,0,0,0,0
Lord Shipley,Newcastle upon Tyne,5,0,"1,565",241,0,0,0,241,0,0,0,0,0,0,0
Earl of Shrewsbury,Derbyshire,7,0,"2,191","1,271",0,0,189,"1,010",0,0,0,72,0,0,0
Lord Shutt of Greetland,West Yorkshire,8,0,"2,504",818,0,0,126,692,0,0,0,0,0,0,0
Viscount Simon,Essex,0,0,0,0,0,0,0,0,0,0,0,0,0,0,0
Lord Singh of Wimbledon,,8,0,"2,504",0,0,0,0,0,0,0,0,0,0,0,0
Lord Skidelsky,East Sussex,3,0,939,0,0,0,0,0,0,0,0,0,0,0,0
Baroness Smith of Basildon,West Sussex ,8,0,0,200,0,0,189,11,0,0,0,0,0,350,22
Lord Smith of Finsbury,London,1,0,157,0,0,0,0,0,0,0,0,0,0,0,0
Baroness Smith of Gilmorehill,Edinburgh,4,0,"1,252",331,0,0,0,331,0,0,0,0,0,0,0
Lord Smith of Hindhead,,6,0,"1,878",0,0,0,0,0,0,0,0,0,0,0,0
Lord Smith of Kelvin,Peeblesshire,0,0,0,0,0,0,0,0,0,0,0,0,0,0,0
Lord Smith of Leigh,Manchester,4,0,940,395,0,0,0,395,0,0,0,0,0,0,0
Baroness Smith of Newnham,Cambridgeshire,6,0,"1,878",185,0,0,0,152,0,0,0,33,0,0,0
Lord Snape,Birmingham,8,0,"2,504",653,0,0,0,617,0,0,0,36,0,0,0
Lord Soley,Invernesshire,6,0,"1,878",940,0,0,20,20,827,0,0,73,0,0,0
Duke of Somerset,Wiltshire,3,0,939,38,0,0,0,38,0,0,0,0,0,0,0
Bishop of Southwark,London,3,0,939,0,0,0,0,0,0,0,0,0,0,0,0
Bishop of St Albans,Hertfordshire,3,0,314,29,0,0,0,29,0,0,0,0,0,0,0
Lord St.John of Bletso,,6,0,"1,878",0,0,0,0,0,0,0,0,0,0,0,0
Earl of Stair,Wigtownshire,2,0,626,764,0,0,77,11,636,0,0,40,0,0,0
Baroness Stedman-Scott,,6,0,0,0,0,0,0,0,0,0,0,0,0,0,0
Lord Steel of Aikwood,Scottish Borders,1,0,313,644,0,0,41,0,583,0,0,20,0,0,374
Lord Stephen,Scotland,7,0,"2,191","1,390",0,0,0,80,"1,310",0,0,0,0,0,0
Lord Sterling of Plaistow,London,5,0,0,0,0,0,0,0,0,0,0,0,0,0,0
Lord Stern of Brentford,,1,0,0,0,0,0,0,0,0,0,0,0,0,0,0
Baroness Stern,Edinburgh,6,0,"1,878",620,0,0,0,0,580,0,0,40,0,0,0
Lord Stevens of Kirkwhelpington,Northumberland,3,0,626,284,0,0,284,0,0,0,0,0,0,0,0
Lord Stevens of Ludgate,London,2,0,0,0,0,0,0,0,0,0,0,0,0,0,0
Lord Stevenson of Balmacara,London,4,0,"1,252",0,0,0,0,0,0,0,0,0,0,0,0
Lord Stevenson of Coddenham,,0,0,0,0,0,0,0,0,0,0,0,0,0,0,0
Lord Stirrup,,8,0,"2,504",0,0,0,0,0,0,0,0,0,0,0,0
Lord Stoddart of Swindon,Berkshire,0,0,0,0,0,0,0,0,0,0,0,0,0,0,0
Lord Stone of Blackheath,London,6,0,"1,878",300,0,0,0,0,300,0,0,0,66,0,0
Lord Stoneham of Droxford,Hampshire,8,0,"2,504",144,0,0,32,96,0,0,0,16,0,0,0
Lord Storey,Merseyside,5,0,"1,565",333,0,0,14,296,0,0,0,24,0,0,135
Baroness Stowell of Beeston,,7,0,628,0,0,0,0,0,0,0,0,0,0,0,0
Lord Strasburger,Somerset,7,0,"2,191",462,0,0,0,395,0,0,0,67,0,0,0
Lord Strathclyde,Ayrshire,5,0,"1,565",598,0,0,212,0,386,0,0,0,0,0,0
Baroness Stroud,,4,0,"1,252",0,0,0,0,0,0,0,0,0,0,0,0
Lord Stunell,Greater Manchester,7,0,"1,878",417,0,0,0,417,0,0,0,0,0,0,0
Lord Sugar,,0,0,0,0,0,0,0,0,0,0,0,0,0,0,0
Baroness Sugg,,4,0,0,0,0,0,0,0,0,0,0,0,0,0,0
Lord Suri,,8,0,"2,504",0,0,0,0,0,0,0,0,0,0,0,0
Baroness Suttie,Kent,8,0,"2,504",118,0,0,0,118,0,0,0,0,0,0,0
Lord Swinfen,Kent,8,0,"2,504",210,0,0,11,200,0,0,0,0,0,0,0
Baroness Symons of Vernham Dean,Hampshire,7,0,"2,191",473,0,0,473,0,0,0,0,0,0,0,0
Lord Taverne,London,8,0,"2,504",0,0,0,0,0,0,0,0,0,0,0,0
Baroness Taylor of Bolton,West Yorkshire,6,0,"1,878",368,0,0,49,319,0,0,0,0,0,0,0
Lord Taylor of Goss Moor,Cornwall,5,0,"1,565",375,0,0,15,338,0,0,0,22,0,0,0
Lord Taylor of Holbeach,Lincolnshire,6,0,"1,878",493,0,0,90,388,0,0,0,15,0,0,0
Lord Taylor of Warwick,London,7,0,"2,191",0,0,0,0,0,0,0,0,0,7,0,0
Lord Tebbit,Suffolk,3,0,939,153,0,0,153,0,0,0,0,0,39,0,0
Lord Teverson,Cornwall,8,0,"2,504","1,038",0,0,312,670,0,0,0,56,0,0,222
Lord Thomas of Cwmgiedd,,0,0,0,0,0,0,0,0,0,0,0,0,0,0,0
Lord Thomas of Gresford,Wrexham,4,0,939,137,0,0,0,137,0,0,0,0,0,0,0
Baroness Thomas of Winchester,London,7,0,"2,191",0,0,0,0,0,0,0,0,0,0,0,0
Baroness Thornhill,,5,0,"1,252",0,0,0,0,0,0,0,0,0,0,0,0
Baroness Thornton,London,8,0,"2,504",0,0,0,0,0,0,0,0,0,0,0,0
Lord Thurlow,Oxfordshire,0,0,0,0,0,0,0,0,0,0,0,0,0,0,0
Viscount Thurso,Caithness,1,0,313,405,0,0,0,24,381,0,0,0,0,0,0
Lord Tomlinson,London,7,0,"2,191",0,0,0,0,0,0,0,0,0,0,0,0
Baroness Tonge,,6,0,"1,878",0,0,0,0,0,0,0,0,0,0,0,0
Lord Tope,London,5,0,"1,565",0,0,0,0,0,0,0,0,0,0,0,0
Lord Touhig,Gwent,7,4,"2,819",412,0,0,0,402,0,0,0,10,21,0,0
Lord Trees,Perthshire,2,0,313,467,0,0,0,0,435,0,0,32,0,0,0
Lord Trefgarne,,8,0,"2,504",216,0,0,216,0,0,0,0,0,26,0,0
Viscount Trenchard,Hertfordshire,7,0,"2,191",105,0,0,23,82,0,0,0,0,0,0,0
Lord Trevethin and Oaksey,,3,0,939,0,0,0,0,0,0,0,0,0,0,0,0
Lord Triesman,London,6,0,"1,878",0,0,0,0,0,0,0,0,0,0,0,0
Lord Trimble,Northern Ireland,8,0,"2,504",673,0,0,0,0,673,0,0,0,0,0,0
Lord True,,5,0,"1,565",0,0,0,0,0,0,0,0,0,0,0,0
Lord Truscott,Moved from Somerset to Kent w/e/f 20/09/2019 ,5,0,"1,565",179,0,0,0,179,0,0,0,0,0,0,187
Lord Tugendhat,London,2,0,626,0,0,0,0,0,0,0,0,0,0,0,0
Lord Tunnicliffe,Bracknell Forest,8,0,"2,504",107,0,0,107,0,0,0,0,0,0,0,0
Lord Turnberg,London,3,0,939,0,0,0,0,0,0,0,0,0,0,0,0
Lord Turnbull,London,5,0,"1,565",0,0,0,0,0,0,0,0,0,0,0,0
Lord Turner of Ecchinswell,,0,0,0,0,0,0,0,0,0,0,0,0,0,0,0
Baroness Tyler of Enfield,London,5,0,"1,565",0,0,0,0,0,0,0,0,0,0,0,0
Lord Tyler,Gloucestershire,5,0,"1,565",122,0,0,7,87,0,0,0,28,0,0,43
Lord Tyrie,,5,0,"1,565",77,0,0,77,0,0,0,0,0,0,0,0
Baroness Uddin,London,8,0,"2,504",0,0,0,0,0,0,0,0,0,0,0,0
Viscount Ullswater,Norfolk,3,0,939,117,0,0,117,0,0,0,0,0,0,0,0
Baroness Vadera,,0,0,0,0,0,0,0,0,0,0,0,0,0,0,0
Baroness Valentine,London,4,0,"1,252",0,0,0,0,0,0,0,0,0,0,0,0
Lord Vallance of Tummel,Kent,3,0,0,0,0,0,0,0,0,0,0,0,0,0,0
Lord Vaux of Harrowden,Dumfries and Galloway,5,0,"1,565",393,0,0,84,309,0,0,0,0,0,0,0
Baroness Vere of Norbiton,,7,0,0,0,0,0,0,0,0,0,0,0,0,0,0
Lord Verjee,,2,0,0,0,0,0,0,0,0,0,0,0,0,0,0
Baroness Verma,Leicestershire,8,0,"2,504",246,0,0,0,246,0,0,0,0,0,0,0
Lord Vinson,Northumberland,1,0,0,115,0,0,0,115,0,0,0,0,0,0,0
Lord Wakeham,Hampshire,6,0,"1,565",177,0,0,124,52,0,0,0,0,0,0,0
Lord Waldegrave of North Hill,,2,0,0,0,0,0,0,0,0,0,0,0,0,0,0
Lord Walker of Aldringham,,3,0,0,0,0,0,0,0,0,0,0,0,0,0,0
Lord Walker of Gestingthorpe,Essex,6,0,626,0,0,0,0,0,0,0,0,0,0,0,0
Lord Wallace of Saltaire,Yorkshire,8,0,"2,504",0,0,0,0,0,0,0,0,0,0,0,0
Lord Wallace of Tankerness,Scotland,7,0,"2,191",0,0,0,0,0,0,0,0,0,0,0,0
Baroness Walmsley,Clwyd,6,0,"1,878",628,0,0,27,552,0,0,0,48,0,0,0
Lord Warner,London,5,0,"1,565",0,0,0,0,0,0,0,0,0,0,0,0
Baroness Warsi,,7,0,"2,191",669,0,0,176,463,0,0,0,30,0,0,0
Baroness Warwick of Undercliffe,London,8,0,"2,192",0,0,0,0,0,0,0,0,0,0,0,0
Lord Wasserman,,6,0,"1,878",0,0,0,0,0,0,0,0,0,0,0,0
Baroness Watkins of Tavistock,,6,1,"2,035",551,0,0,551,0,0,0,0,0,0,0,0
Lord Watson of Invergowrie,Essex,7,0,"2,191",0,0,0,0,0,0,0,0,0,0,0,0
Lord Watson of Richmond,Surrey,2,0,626,0,0,0,0,0,0,0,0,0,0,0,0
Lord Watts,Merseyside,5,0,"1,565",457,0,0,0,429,0,0,0,28,0,0,0
Viscount Waverley,,5,0,"1,565",0,0,0,0,0,0,0,0,0,0,0,0
Lord Wei,,7,0,"2,191",0,0,0,0,0,0,0,0,0,0,0,0
Duke of Wellington,,3,0,0,0,0,0,0,0,0,0,0,0,0,0,0
Lord West of Spithead,London,7,0,"2,191",0,0,0,0,0,0,0,0,0,0,0,0
Baroness Wheatcroft,,7,0,"2,191",0,0,0,0,0,0,0,0,0,0,0,0
Baroness Wheeler,Surrey,7,0,"1,878",132,0,0,0,93,0,0,0,39,0,0,0
Baroness Whitaker,Sussex,7,0,"2,191",146,0,0,0,130,0,0,0,16,0,0,0
Lord Whitby,,1,0,313,128,0,0,0,108,0,0,0,20,0,0,0
Lord Whitty,Dorset,8,0,"2,504",239,0,0,202,37,0,0,0,0,0,0,0
Lord Wigley,Gwynedd,8,0,"2,504",329,0,0,15,259,0,0,0,55,0,0,0
Baroness Wilcox,London,8,0,"2,504",0,0,0,0,0,0,0,0,0,4,0,0
Lord Willetts,,1,0,0,0,0,0,0,0,0,0,0,0,0,0,0
Lord Williams of Elvel,,0,0,0,0,0,0,0,0,0,0,0,0,0,0,0
Lord Williams of Oystermouth,,0,0,0,0,0,0,0,0,0,0,0,0,0,0,0
Baroness Williams of Trafford,,4,0,0,0,0,0,0,0,0,0,0,0,0,0,0
Lord Willis of Knaresborough,York,7,0,"2,191",662,0,0,0,522,0,0,0,140,0,0,0
Lord Willoughby De Broke,Gloucestershire,1,0,0,0,0,0,0,0,0,0,0,0,0,0,0
Lord Wills,,2,0,626,0,0,0,0,0,0,0,0,0,0,0,0
Lord Wilson of Dinton,Cambridgeshire,6,0,"1,722",43,0,0,0,43,0,0,0,0,0,0,0
Lord Wilson of Tillyorn,,7,0,785,0,0,0,0,0,0,0,0,0,0,0,0
Bishop of Winchester,Hampshire,2,0,0,0,0,0,0,0,0,0,0,0,0,0,0
Lord Winston,London,6,0,"1,878",0,0,0,0,0,0,0,0,0,0,0,0
Baroness Wolf of Dulwich,London,1,0,157,0,0,0,0,0,0,0,0,0,0,0,0
Lord Wolfson of Aspley Guise,,1,0,0,0,0,0,0,0,0,0,0,0,0,0,0
Lord Wood of Anfield,,8,0,"2,504",0,0,0,0,0,0,0,0,0,0,0,0
Lord Woolf,London,7,0,"1,879",0,0,0,0,0,0,0,0,0,0,0,0
Lord Woolmer of Leeds,West Yorkshire,5,0,"1,565",500,0,0,0,451,0,0,0,49,0,0,0
Bishop of Worcester,Worcestershire,1,0,313,0,0,0,0,0,0,0,0,0,0,0,0
Baroness Worthington,,1,0,0,0,0,0,0,0,0,0,0,0,0,0,0
Lord Wrigglesworth,London,7,0,"2,191",0,0,0,0,0,0,0,0,0,0,0,0
Lord Wright of Richmond,London,0,0,0,0,0,0,0,0,0,0,0,0,0,0,0
Baroness Wyld,,8,0,"2,504",0,0,0,0,0,0,0,0,0,0,0,0
Archbishop of York,North Yorkshire,0,0,0,0,0,0,0,0,0,0,0,0,0,0,0
Lord Young of Cookham,,8,0,"2,504",0,0,0,0,0,0,0,0,0,0,0,0
Lord Young of Graffham,London,1,0,0,0,0,0,0,0,0,0,0,0,0,0,0
Baroness Young of Hornsey,,5,0,"1,565",0,0,0,0,0,0,0,0,0,0,0,0
Lord Young of Norwood Green,,7,0,"2,191",0,80,0,0,71,0,0,0,8,0,0,0
Baroness Young of Old Scone,Bedfordshire,5,0,940,109,0,0,14,56,0,0,0,40,0,0,0
Viscount Younger of Leckie,,7,0,0,0,0,0,0,0,0,0,0,0,0,0,0
